Gender,Married,Dependents,Education,Self_Employed,ApplicantIncome,CoapplicantIncome,LoanAmount,Loan_Amount_Term,Credit_History,Property_Area,Loan_Status
Male,No,0,Graduate,No,5848.999999999997,0.0,127.99999999999997,360.00000000000006,1.0,Urban,Y
Male,Yes,1,Graduate,No,4583.000000000004,1508.0000000000005,127.99999999999997,360.00000000000006,1.0,Rural,N
Male,Yes,0,Graduate,Yes,2999.9999999999977,0.0,65.99999999999997,360.00000000000006,1.0,Urban,Y
Male,Yes,0,Not Graduate,No,2583.0,2358.000000000001,119.99999999999997,360.00000000000006,1.0,Urban,Y
Male,No,0,Graduate,No,5999.999999999995,0.0,141.00000000000003,360.00000000000006,1.0,Urban,Y
Male,Yes,2,Graduate,Yes,5416.999999999997,4195.999999999996,267.00000000000006,360.00000000000006,1.0,Urban,Y
Male,Yes,0,Not Graduate,No,2333.0,1516.0000000000002,95.0,360.00000000000006,1.0,Urban,Y
Male,Yes,3+,Graduate,No,3035.999999999999,2504.0,158.00000000000003,360.00000000000006,0.0,Semiurban,N
Male,Yes,2,Graduate,No,4005.999999999997,1526.0,167.99999999999997,360.00000000000006,1.0,Urban,Y
Male,Yes,1,Graduate,No,12841.000000000007,10968.000000000002,348.99999999999994,360.00000000000006,1.0,Semiurban,N
Male,Yes,2,Graduate,No,3200.0000000000027,699.9999999999998,70.00000000000003,360.00000000000006,1.0,Urban,Y
Male,Yes,2,Graduate,No,2499.9999999999995,1839.9999999999993,108.99999999999997,360.00000000000006,1.0,Urban,Y
Male,Yes,2,Graduate,No,3073.000000000001,8105.999999999997,199.99999999999991,360.00000000000006,1.0,Urban,Y
Male,No,0,Graduate,No,1852.9999999999998,2840.0000000000014,114.00000000000003,360.00000000000006,1.0,Rural,N
Male,Yes,2,Graduate,No,1299.0000000000002,1085.9999999999998,17.0,119.99999999999997,1.0,Urban,Y
Male,No,0,Graduate,No,4949.999999999996,0.0,125.00000000000004,360.00000000000006,1.0,Urban,Y
Male,No,1,Not Graduate,No,3595.9999999999995,0.0,100.00000000000004,239.99999999999997,0.0,Urban,Y
Female,No,0,Graduate,No,3510.0000000000027,0.0,76.0,360.00000000000006,0.0,Urban,N
Male,Yes,0,Not Graduate,No,4886.999999999997,0.0,133.0,360.00000000000006,1.0,Rural,N
Male,Yes,0,Graduate,No,2600.0,3499.9999999999995,115.00000000000001,360.00000000000006,1.0,Urban,Y
Male,Yes,0,Not Graduate,No,7660.0,0.0,103.99999999999999,360.00000000000006,0.0,Urban,N
Male,Yes,1,Graduate,No,5955.000000000005,5624.999999999996,315.0,360.00000000000006,1.0,Urban,Y
Male,Yes,0,Not Graduate,No,2600.0,1911.0000000000002,115.99999999999999,360.00000000000006,0.0,Semiurban,N
Male,Yes,2,Not Graduate,No,3365.0000000000005,1917.0000000000002,111.99999999999996,360.00000000000006,0.0,Rural,N
Male,Yes,1,Graduate,No,3717.0000000000005,2925.0000000000014,151.0,360.00000000000006,1.0,Semiurban,N
Male,Yes,0,Graduate,Yes,9559.999999999998,0.0,191.0,360.00000000000006,1.0,Semiurban,Y
Male,Yes,0,Graduate,No,2799.0000000000014,2253.0,122.00000000000003,360.00000000000006,1.0,Semiurban,Y
Male,Yes,2,Not Graduate,No,4226.000000000003,1040.0,110.00000000000004,360.00000000000006,1.0,Urban,Y
Male,No,0,Not Graduate,No,1442.0000000000005,0.0,34.99999999999999,360.00000000000006,1.0,Urban,N
Female,No,2,Graduate,No,3750.0,2082.999999999999,119.99999999999997,360.00000000000006,1.0,Semiurban,Y
Male,Yes,1,Graduate,No,4165.999999999998,3369.0,201.0,360.00000000000006,1.0,Urban,N
Male,No,0,Graduate,No,3166.999999999998,0.0,74.00000000000003,360.00000000000006,1.0,Urban,N
Male,No,1,Graduate,Yes,4692.000000000003,0.0,105.99999999999997,360.00000000000006,1.0,Rural,N
Male,Yes,0,Graduate,No,3499.9999999999995,1667.0000000000002,114.00000000000003,360.00000000000006,1.0,Semiurban,Y
Male,No,3+,Graduate,No,12500.0,2999.9999999999977,319.99999999999994,360.00000000000006,1.0,Rural,N
Male,Yes,0,Graduate,No,2275.0,2066.999999999999,127.99999999999997,360.00000000000006,1.0,Urban,Y
Male,Yes,0,Graduate,No,1827.9999999999995,1330.0000000000002,100.00000000000004,360.00000000000006,0.0,Urban,N
Female,Yes,0,Graduate,No,3666.9999999999995,1458.9999999999993,144.0,360.00000000000006,1.0,Semiurban,Y
Male,No,0,Graduate,No,4165.999999999998,7209.999999999997,184.00000000000006,360.00000000000006,1.0,Urban,Y
Male,No,0,Not Graduate,No,3748.0,1668.0000000000005,110.00000000000004,360.00000000000006,1.0,Semiurban,Y
Male,No,0,Graduate,No,3599.999999999998,0.0,79.99999999999997,360.00000000000006,1.0,Urban,N
Male,No,0,Graduate,No,1800.0000000000005,1213.0000000000002,46.99999999999999,360.00000000000006,1.0,Urban,Y
Male,Yes,0,Graduate,No,2400.0000000000005,0.0,74.99999999999997,360.00000000000006,0.0,Urban,Y
Male,Yes,0,Graduate,No,3941.0000000000014,2336.0000000000005,133.99999999999997,360.00000000000006,1.0,Semiurban,Y
Male,Yes,0,Not Graduate,Yes,4694.999999999996,0.0,95.99999999999999,360.00000000000006,1.0,Urban,Y
Female,No,0,Graduate,No,3410.0000000000014,0.0,88.00000000000003,360.00000000000006,1.0,Urban,Y
Male,Yes,1,Graduate,No,5649.000000000003,0.0,43.99999999999999,360.00000000000006,1.0,Urban,Y
Male,Yes,0,Graduate,No,5821.000000000003,0.0,144.0,360.00000000000006,1.0,Urban,Y
Female,Yes,0,Graduate,No,2645.0000000000005,3440.000000000003,119.99999999999997,360.00000000000006,0.0,Urban,N
Female,No,0,Graduate,No,3999.9999999999995,2275.0,144.0,360.00000000000006,1.0,Semiurban,Y
Female,Yes,0,Not Graduate,No,1928.0,1643.9999999999995,100.00000000000004,360.00000000000006,1.0,Semiurban,Y
Female,No,0,Graduate,No,3086.0000000000027,0.0,119.99999999999997,360.00000000000006,1.0,Semiurban,Y
Female,No,0,Graduate,No,4230.000000000003,0.0,111.99999999999996,360.00000000000006,1.0,Semiurban,N
Male,Yes,2,Graduate,No,4615.999999999998,0.0,133.99999999999997,360.00000000000006,1.0,Urban,N
Female,Yes,1,Graduate,Yes,11499.999999999996,0.0,285.99999999999994,360.00000000000006,0.0,Urban,N
Male,Yes,2,Graduate,No,2708.0000000000005,1167.0,97.0,360.00000000000006,1.0,Semiurban,Y
Male,Yes,0,Graduate,No,2131.9999999999995,1590.9999999999998,95.99999999999999,360.00000000000006,1.0,Semiurban,Y
Male,Yes,0,Graduate,No,3366.0,2199.9999999999995,135.00000000000003,360.00000000000006,1.0,Rural,N
Male,Yes,1,Graduate,No,8080.0000000000055,2250.0000000000005,180.0,360.00000000000006,1.0,Urban,Y
Male,Yes,2,Not Graduate,No,3357.0000000000005,2859.0,144.0,360.00000000000006,1.0,Urban,Y
Male,Yes,0,Graduate,No,2499.9999999999995,3795.999999999998,119.99999999999997,360.00000000000006,1.0,Urban,Y
Male,Yes,3+,Graduate,No,3029.0,0.0,98.99999999999999,360.00000000000006,1.0,Urban,Y
Male,Yes,0,Not Graduate,Yes,2609.0000000000005,3449.0000000000014,164.99999999999994,180.0,0.0,Rural,N
Male,Yes,1,Graduate,No,4945.000000000003,0.0,127.99999999999997,360.00000000000006,0.0,Rural,N
Female,No,0,Graduate,No,4165.999999999998,0.0,115.99999999999999,360.00000000000006,0.0,Semiurban,N
Male,Yes,0,Graduate,No,5725.999999999998,4595.0,258.0,360.00000000000006,1.0,Semiurban,N
Male,No,0,Not Graduate,No,3200.0000000000027,2254.000000000001,126.0,180.0,0.0,Urban,N
Male,Yes,1,Graduate,No,10750.00000000001,0.0,312.00000000000006,360.00000000000006,1.0,Urban,Y
Male,Yes,3+,Not Graduate,Yes,7099.999999999997,0.0,125.00000000000004,59.999999999999986,1.0,Urban,Y
Female,No,0,Graduate,No,4300.0,0.0,136.00000000000006,360.00000000000006,0.0,Semiurban,N
Male,Yes,0,Graduate,No,3208.0000000000014,3065.9999999999986,171.99999999999994,360.00000000000006,1.0,Urban,Y
Male,Yes,2,Not Graduate,Yes,1875.0,1875.0,97.0,360.00000000000006,1.0,Semiurban,Y
Male,No,0,Graduate,No,3499.9999999999995,0.0,81.00000000000003,299.99999999999994,1.0,Semiurban,Y
Male,Yes,3+,Not Graduate,No,4755.000000000001,0.0,95.0,360.00000000000006,0.0,Semiurban,N
Male,Yes,3+,Graduate,Yes,5265.999999999998,1773.9999999999998,187.00000000000003,360.00000000000006,1.0,Semiurban,Y
Male,No,0,Graduate,No,3750.0,0.0,113.00000000000003,480.0,1.0,Urban,N
Male,No,0,Graduate,No,3750.0,4749.999999999997,175.99999999999991,360.00000000000006,1.0,Urban,N
Male,Yes,1,Graduate,Yes,999.9999999999998,3021.999999999998,110.00000000000004,360.00000000000006,1.0,Urban,N
Male,Yes,3+,Graduate,No,3166.999999999998,3999.9999999999995,180.0,299.99999999999994,0.0,Semiurban,N
Male,Yes,3+,Not Graduate,Yes,3333.0000000000023,2166.0,129.99999999999997,360.00000000000006,1.0,Semiurban,Y
Female,No,0,Graduate,No,3846.000000000001,0.0,110.99999999999997,360.00000000000006,1.0,Semiurban,Y
Male,Yes,1,Graduate,Yes,2394.9999999999995,0.0,127.99999999999997,360.00000000000006,1.0,Semiurban,Y
Female,Yes,2,Graduate,No,1378.0000000000002,1880.9999999999993,167.00000000000006,360.00000000000006,1.0,Urban,N
Male,Yes,0,Graduate,No,5999.999999999995,2250.0000000000005,264.99999999999994,360.00000000000006,1.0,Semiurban,N
Male,Yes,1,Graduate,No,3988.0000000000005,0.0,49.99999999999999,239.99999999999997,1.0,Urban,Y
Male,No,0,Graduate,No,2366.0000000000005,2531.0,136.00000000000006,360.00000000000006,1.0,Semiurban,Y
Male,Yes,2,Not Graduate,No,3333.0000000000023,1999.9999999999998,98.99999999999999,360.00000000000006,1.0,Semiurban,Y
Male,Yes,0,Graduate,No,2499.9999999999995,2118.0000000000005,103.99999999999999,360.00000000000006,1.0,Semiurban,Y
Male,No,0,Graduate,No,8565.999999999995,0.0,209.99999999999994,360.00000000000006,1.0,Urban,Y
Male,Yes,0,Graduate,No,5695.000000000005,4167.000000000003,175.00000000000009,360.00000000000006,1.0,Semiurban,Y
Male,Yes,0,Graduate,No,2958.0000000000005,2900.0000000000005,130.99999999999994,360.00000000000006,1.0,Semiurban,Y
Male,Yes,2,Graduate,No,6249.999999999999,5653.999999999998,188.0,180.0,1.0,Semiurban,Y
Male,Yes,2,Not Graduate,No,3272.9999999999973,1820.0,81.00000000000003,360.00000000000006,1.0,Urban,Y
Male,No,0,Graduate,No,4133.000000000001,0.0,122.00000000000003,360.00000000000006,1.0,Semiurban,Y
Male,No,0,Not Graduate,No,3620.0000000000023,0.0,24.999999999999996,119.99999999999997,1.0,Semiurban,Y
Male,No,0,Graduate,No,6781.999999999996,0.0,127.99999999999997,360.00000000000006,1.0,Urban,N
Female,Yes,0,Graduate,No,2484.0000000000005,2302.0000000000005,137.00000000000003,360.00000000000006,1.0,Semiurban,Y
Male,Yes,0,Graduate,No,1977.0000000000005,996.9999999999999,49.99999999999999,360.00000000000006,1.0,Semiurban,Y
Male,Yes,0,Not Graduate,No,4187.999999999997,0.0,115.00000000000001,180.0,1.0,Semiurban,Y
Male,Yes,0,Graduate,No,1758.9999999999998,3541.0000000000005,130.99999999999994,360.00000000000006,1.0,Semiurban,Y
Male,Yes,2,Not Graduate,No,4287.999999999997,3262.9999999999973,133.0,180.0,1.0,Urban,Y
Male,No,0,Graduate,No,4843.0,3805.9999999999986,151.0,360.00000000000006,1.0,Semiurban,Y
Male,Yes,0,Graduate,No,13649.999999999993,0.0,127.99999999999997,360.00000000000006,1.0,Urban,Y
Male,Yes,0,Graduate,No,4651.999999999997,3583.0000000000014,127.99999999999997,360.00000000000006,1.0,Semiurban,Y
Male,Yes,0,Graduate,No,3815.9999999999986,754.0000000000001,159.99999999999994,360.00000000000006,1.0,Urban,Y
Male,Yes,1,Graduate,No,3052.0000000000005,1030.0000000000002,100.00000000000004,360.00000000000006,1.0,Urban,Y
Male,Yes,2,Graduate,No,11417.00000000001,1126.0000000000002,225.0,360.00000000000006,1.0,Urban,Y
Male,No,0,Not Graduate,No,7333.000000000003,0.0,119.99999999999997,360.00000000000006,1.0,Rural,N
Male,Yes,2,Graduate,No,3800.0000000000014,3599.999999999998,216.00000000000006,360.00000000000006,0.0,Urban,N
Male,Yes,3+,Not Graduate,No,2071.000000000001,754.0000000000001,94.0,480.0,1.0,Semiurban,Y
Male,No,0,Graduate,No,5315.999999999998,0.0,136.00000000000006,360.00000000000006,1.0,Urban,Y
Female,Yes,0,Graduate,No,2928.9999999999995,2333.0,138.99999999999997,360.00000000000006,1.0,Semiurban,Y
Male,Yes,0,Not Graduate,No,3572.0000000000027,4113.999999999998,152.0,360.00000000000006,0.0,Rural,N
Female,No,1,Graduate,Yes,7450.999999999995,0.0,127.99999999999997,360.00000000000006,1.0,Semiurban,Y
Male,No,0,Graduate,No,5049.999999999998,0.0,118.00000000000004,360.00000000000006,1.0,Semiurban,Y
Male,Yes,1,Graduate,No,14582.99999999999,0.0,184.99999999999991,180.0,1.0,Rural,Y
Female,Yes,0,Graduate,No,3166.999999999998,2282.999999999999,154.00000000000006,360.00000000000006,1.0,Semiurban,Y
Male,Yes,1,Graduate,No,2214.0000000000005,1398.0,85.00000000000001,360.00000000000006,1.0,Urban,Y
Male,Yes,0,Graduate,No,5568.000000000003,2142.0,175.00000000000009,360.00000000000006,1.0,Rural,N
Female,No,0,Graduate,No,10408.000000000007,0.0,258.9999999999999,360.00000000000006,1.0,Urban,Y
Male,Yes,0,Graduate,No,5667.0,2667.000000000001,180.0,360.00000000000006,1.0,Rural,Y
Female,No,0,Graduate,No,4165.999999999998,0.0,43.99999999999999,360.00000000000006,1.0,Semiurban,Y
Female,No,0,Graduate,No,2137.0000000000005,8980.000000000005,137.00000000000003,360.00000000000006,0.0,Semiurban,Y
Male,Yes,2,Graduate,No,2957.000000000001,0.0,81.00000000000003,360.00000000000006,1.0,Semiurban,Y
Male,Yes,0,Not Graduate,No,4300.0,2013.999999999999,194.00000000000003,360.00000000000006,1.0,Rural,Y
Female,No,0,Graduate,No,3692.0000000000023,0.0,93.00000000000003,360.00000000000006,1.0,Rural,Y
Male,Yes,3+,Graduate,No,23802.999999999985,0.0,369.9999999999999,360.00000000000006,1.0,Rural,Y
Male,No,0,Graduate,No,3865.000000000002,1639.9999999999993,127.99999999999997,360.00000000000006,1.0,Rural,Y
Male,Yes,1,Graduate,Yes,10512.999999999993,3850.0000000000023,159.99999999999994,180.0,0.0,Urban,N
Male,Yes,0,Graduate,No,6079.999999999997,2568.999999999999,181.99999999999997,360.00000000000006,1.0,Rural,N
Male,No,0,Graduate,Yes,20165.999999999985,0.0,649.9999999999999,480.0,0.0,Urban,Y
Male,No,0,Graduate,No,2013.999999999999,1929.0,74.00000000000003,360.00000000000006,1.0,Urban,Y
Male,No,0,Graduate,No,2717.9999999999995,0.0,70.00000000000003,360.00000000000006,1.0,Semiurban,Y
Male,Yes,0,Graduate,Yes,3459.000000000001,0.0,24.999999999999996,119.99999999999997,1.0,Semiurban,Y
Male,No,0,Graduate,No,4894.999999999996,0.0,101.99999999999996,360.00000000000006,1.0,Semiurban,Y
Male,Yes,3+,Graduate,No,3999.9999999999995,7750.000000000004,289.99999999999994,360.00000000000006,1.0,Semiurban,N
Female,Yes,0,Graduate,No,4583.000000000004,0.0,83.99999999999999,360.00000000000006,1.0,Rural,N
Male,Yes,2,Graduate,Yes,3315.999999999998,3499.9999999999995,88.00000000000003,360.00000000000006,1.0,Urban,Y
Male,No,0,Graduate,No,14999.00000000001,0.0,242.00000000000009,360.00000000000006,0.0,Semiurban,N
Male,Yes,2,Not Graduate,No,4200.0,1429.9999999999998,128.99999999999997,360.00000000000006,1.0,Rural,N
Male,Yes,2,Graduate,No,5042.000000000004,2082.999999999999,184.99999999999991,360.00000000000006,1.0,Rural,N
Male,No,0,Graduate,No,5416.999999999997,0.0,167.99999999999997,360.00000000000006,1.0,Urban,Y
Male,No,0,Graduate,Yes,6950.000000000001,0.0,175.00000000000009,180.0,1.0,Semiurban,Y
Male,Yes,0,Graduate,No,2698.0,2034.0000000000002,122.00000000000003,360.00000000000006,1.0,Semiurban,Y
Male,Yes,2,Graduate,No,11757.000000000004,0.0,187.00000000000003,180.0,1.0,Urban,Y
Female,Yes,0,Graduate,No,2329.9999999999995,4485.999999999999,100.00000000000004,360.00000000000006,1.0,Semiurban,Y
Female,Yes,2,Graduate,No,14866.000000000013,0.0,70.00000000000003,360.00000000000006,1.0,Urban,Y
Male,Yes,1,Graduate,No,1537.9999999999993,1425.0000000000005,30.000000000000004,360.00000000000006,1.0,Urban,Y
Female,No,0,Graduate,No,10000.00000000001,1665.9999999999993,225.0,360.00000000000006,1.0,Rural,N
Male,Yes,0,Graduate,No,4860.0,829.9999999999998,125.00000000000004,360.00000000000006,1.0,Semiurban,Y
Male,No,0,Graduate,No,6277.000000000003,0.0,118.00000000000004,360.00000000000006,0.0,Rural,N
Male,Yes,0,Graduate,Yes,2576.9999999999995,3750.0,152.0,360.00000000000006,1.0,Rural,Y
Male,No,0,Graduate,No,9165.999999999993,0.0,244.00000000000006,360.00000000000006,1.0,Urban,N
Male,Yes,2,Not Graduate,No,2280.999999999999,0.0,113.00000000000003,360.00000000000006,1.0,Rural,N
Male,No,0,Graduate,No,3254.0000000000005,0.0,49.99999999999999,360.00000000000006,1.0,Urban,Y
Male,Yes,3+,Graduate,No,39998.99999999999,0.0,600.0,180.0,0.0,Semiurban,Y
Male,Yes,1,Graduate,No,5999.999999999995,0.0,159.99999999999994,360.00000000000006,1.0,Rural,Y
Male,Yes,1,Graduate,No,9537.999999999995,0.0,187.00000000000003,360.00000000000006,1.0,Urban,Y
Male,No,0,Graduate,No,2980.000000000001,2082.999999999999,119.99999999999997,360.00000000000006,1.0,Rural,Y
Male,Yes,0,Graduate,No,4583.000000000004,5624.999999999996,254.99999999999991,360.00000000000006,1.0,Semiurban,Y
Male,Yes,0,Not Graduate,No,1863.0000000000007,1041.0000000000005,98.00000000000004,360.00000000000006,1.0,Semiurban,Y
Male,Yes,0,Graduate,No,7932.999999999999,0.0,275.0000000000001,360.00000000000006,1.0,Urban,N
Male,Yes,1,Graduate,No,3089.000000000001,1280.0,121.00000000000003,360.00000000000006,0.0,Semiurban,N
Male,Yes,2,Graduate,No,4167.000000000003,1447.0,158.00000000000003,360.00000000000006,1.0,Rural,Y
Male,Yes,0,Graduate,No,9322.999999999993,0.0,74.99999999999997,180.0,1.0,Urban,Y
Male,Yes,0,Graduate,No,3707.0,3166.0000000000005,181.99999999999997,360.00000000000006,1.0,Rural,Y
Female,Yes,0,Graduate,No,4583.000000000004,0.0,111.99999999999996,360.00000000000006,1.0,Rural,N
Male,Yes,0,Graduate,No,2438.9999999999995,3333.0000000000023,128.99999999999997,360.00000000000006,1.0,Rural,Y
Male,No,0,Graduate,No,2237.000000000001,0.0,62.99999999999999,480.0,0.0,Semiurban,N
Male,Yes,2,Graduate,No,8000.0,0.0,199.99999999999991,360.00000000000006,1.0,Semiurban,Y
Male,Yes,0,Not Graduate,No,1820.0,1768.9999999999995,95.0,360.00000000000006,1.0,Rural,Y
Male,Yes,3+,Graduate,No,51762.99999999999,0.0,699.9999999999998,299.99999999999994,1.0,Urban,Y
Male,Yes,3+,Not Graduate,No,3521.9999999999995,0.0,81.00000000000003,180.0,1.0,Rural,N
Male,Yes,0,Graduate,No,5708.000000000001,5624.999999999996,187.00000000000003,360.00000000000006,1.0,Semiurban,Y
Male,Yes,0,Not Graduate,Yes,4343.999999999996,736.0000000000003,87.0,360.00000000000006,1.0,Semiurban,N
Male,Yes,0,Graduate,No,3497.0000000000014,1964.0,115.99999999999999,360.00000000000006,1.0,Rural,Y
Male,Yes,2,Graduate,No,2044.9999999999993,1619.0000000000005,101.00000000000003,360.00000000000006,1.0,Rural,Y
Male,Yes,3+,Graduate,No,5515.999999999996,11300.000000000007,495.0,360.00000000000006,0.0,Semiurban,N
Male,Yes,1,Graduate,No,3750.0,0.0,115.99999999999999,360.00000000000006,1.0,Semiurban,Y
Male,No,0,Not Graduate,No,2333.0,1451.0,101.99999999999996,480.0,0.0,Urban,N
Male,Yes,1,Graduate,No,6399.9999999999945,7250.000000000001,180.0,360.00000000000006,0.0,Urban,N
Male,No,0,Graduate,No,1915.9999999999998,5062.999999999998,66.99999999999997,360.00000000000006,1.0,Rural,N
Male,Yes,0,Graduate,No,4600.000000000003,0.0,72.99999999999999,180.0,1.0,Semiurban,Y
Male,Yes,1,Graduate,No,33846.00000000001,0.0,259.99999999999994,360.00000000000006,1.0,Semiurban,N
Female,Yes,0,Graduate,No,3625.0,0.0,108.00000000000003,360.00000000000006,1.0,Semiurban,Y
Male,Yes,0,Graduate,Yes,39147.00000000003,4749.999999999997,119.99999999999997,360.00000000000006,1.0,Semiurban,Y
Male,Yes,1,Graduate,Yes,2178.0,0.0,65.99999999999997,299.99999999999994,0.0,Rural,N
Male,Yes,0,Graduate,No,2382.999999999999,2138.0,57.999999999999986,360.00000000000006,1.0,Rural,Y
Male,Yes,0,Graduate,Yes,674.0,5296.000000000002,167.99999999999997,360.00000000000006,1.0,Rural,Y
Male,Yes,0,Graduate,No,9327.999999999993,0.0,188.0,180.0,1.0,Rural,Y
Male,No,0,Not Graduate,No,4884.999999999998,0.0,48.00000000000001,360.00000000000006,1.0,Rural,Y
Male,No,0,Graduate,No,11999.999999999993,0.0,164.00000000000006,360.00000000000006,1.0,Semiurban,N
Male,Yes,0,Not Graduate,No,6033.000000000003,0.0,159.99999999999994,360.00000000000006,1.0,Urban,N
Male,No,0,Graduate,No,3857.999999999997,0.0,76.0,360.00000000000006,1.0,Semiurban,Y
Male,No,0,Graduate,No,4190.999999999998,0.0,119.99999999999997,360.00000000000006,1.0,Rural,Y
Male,Yes,1,Graduate,No,3124.999999999999,2583.0,170.00000000000006,360.00000000000006,1.0,Semiurban,N
Male,No,0,Graduate,No,8333.000000000002,3750.0,187.00000000000003,360.00000000000006,1.0,Rural,Y
Female,No,0,Not Graduate,No,1906.999999999999,2364.9999999999995,119.99999999999997,360.00000000000006,1.0,Urban,Y
Female,Yes,0,Graduate,No,3415.9999999999986,2816.0,113.00000000000003,360.00000000000006,1.0,Semiurban,Y
Male,No,0,Graduate,Yes,10999.999999999998,0.0,83.00000000000003,360.00000000000006,1.0,Urban,N
Male,Yes,1,Not Graduate,No,2600.0,2499.9999999999995,90.0,360.00000000000006,1.0,Semiurban,Y
Male,No,2,Graduate,No,4922.999999999998,0.0,166.00000000000006,360.00000000000006,0.0,Semiurban,Y
Male,Yes,3+,Not Graduate,No,3991.999999999998,0.0,127.99999999999997,180.0,1.0,Urban,N
Male,Yes,1,Not Graduate,No,3499.9999999999995,1083.0,135.00000000000003,360.00000000000006,1.0,Urban,Y
Male,Yes,2,Not Graduate,No,3916.9999999999964,0.0,124.00000000000003,360.00000000000006,1.0,Semiurban,Y
Female,No,0,Not Graduate,No,4408.000000000003,0.0,119.99999999999997,360.00000000000006,1.0,Semiurban,Y
Female,No,0,Graduate,No,3244.0000000000014,0.0,79.99999999999997,360.00000000000006,1.0,Urban,Y
Male,No,0,Not Graduate,No,3975.000000000001,2531.0,55.000000000000014,360.00000000000006,1.0,Rural,Y
Male,No,0,Graduate,No,2479.0,0.0,59.000000000000014,360.00000000000006,1.0,Urban,Y
Male,No,0,Graduate,No,3418.0000000000027,0.0,126.99999999999999,360.00000000000006,1.0,Semiurban,N
Female,No,0,Graduate,No,10000.00000000001,0.0,213.99999999999994,360.00000000000006,1.0,Semiurban,N
Male,Yes,3+,Graduate,No,3429.999999999999,1249.9999999999995,127.99999999999997,360.00000000000006,0.0,Semiurban,N
Male,Yes,1,Graduate,Yes,7787.000000000003,0.0,239.99999999999997,360.00000000000006,1.0,Urban,Y
Male,Yes,3+,Not Graduate,Yes,5703.0,0.0,129.99999999999997,360.00000000000006,1.0,Rural,Y
Male,Yes,0,Graduate,No,3172.9999999999977,3020.9999999999995,137.00000000000003,360.00000000000006,1.0,Urban,Y
Male,Yes,3+,Not Graduate,No,3850.0000000000023,982.9999999999999,100.00000000000004,360.00000000000006,1.0,Semiurban,Y
Male,Yes,0,Graduate,No,149.99999999999997,1800.0000000000005,135.00000000000003,360.00000000000006,1.0,Rural,N
Male,Yes,0,Graduate,No,3727.0,1775.0000000000005,130.99999999999994,360.00000000000006,1.0,Semiurban,Y
Male,Yes,2,Graduate,No,5000.000000000004,0.0,72.0,360.00000000000006,0.0,Semiurban,N
Female,Yes,2,Graduate,No,4282.999999999997,2382.999999999999,126.99999999999999,360.00000000000006,0.0,Semiurban,Y
Male,Yes,0,Graduate,No,2221.0,0.0,59.999999999999986,360.00000000000006,0.0,Urban,N
Male,Yes,2,Graduate,No,4009.000000000003,1717.0000000000005,115.99999999999999,360.00000000000006,1.0,Semiurban,Y
Male,No,0,Graduate,No,2970.9999999999995,2791.0000000000005,144.0,360.00000000000006,1.0,Semiurban,Y
Male,Yes,0,Graduate,No,7578.000000000004,1009.9999999999995,175.00000000000009,360.00000000000006,1.0,Semiurban,Y
Male,Yes,0,Graduate,No,6249.999999999999,0.0,127.99999999999997,360.00000000000006,1.0,Semiurban,Y
Male,Yes,0,Graduate,No,3249.9999999999973,0.0,170.00000000000006,360.00000000000006,1.0,Rural,N
Male,Yes,0,Not Graduate,Yes,4735.000000000001,0.0,138.00000000000006,360.00000000000006,1.0,Urban,N
Male,Yes,2,Graduate,No,6249.999999999999,1694.9999999999998,209.99999999999994,360.00000000000006,1.0,Semiurban,Y
Male,Yes,0,Graduate,No,4758.0,0.0,158.00000000000003,480.0,1.0,Semiurban,Y
Male,No,0,Graduate,Yes,6399.9999999999945,0.0,199.99999999999991,360.00000000000006,1.0,Rural,Y
Male,Yes,1,Graduate,No,2491.000000000001,2053.999999999999,103.99999999999999,360.00000000000006,1.0,Semiurban,Y
Male,Yes,0,Graduate,No,3716.0000000000027,0.0,42.00000000000001,180.0,1.0,Rural,Y
Male,No,0,Not Graduate,No,3188.9999999999977,2598.0000000000005,119.99999999999997,360.00000000000006,1.0,Rural,Y
Female,No,0,Graduate,No,8333.000000000002,0.0,279.9999999999999,360.00000000000006,1.0,Semiurban,Y
Male,Yes,1,Graduate,No,3154.999999999999,1778.9999999999995,139.99999999999994,360.00000000000006,1.0,Semiurban,Y
Male,Yes,1,Graduate,No,5499.999999999999,1260.0000000000002,170.00000000000006,360.00000000000006,1.0,Rural,Y
Male,Yes,0,Graduate,No,5746.000000000001,0.0,254.99999999999991,360.00000000000006,1.0,Urban,N
Female,No,0,Graduate,Yes,3463.0000000000027,0.0,122.00000000000003,360.00000000000006,0.0,Urban,Y
Female,No,1,Graduate,No,3812.0000000000027,0.0,111.99999999999996,360.00000000000006,1.0,Rural,Y
Male,Yes,1,Graduate,No,3314.9999999999973,0.0,95.99999999999999,360.00000000000006,1.0,Semiurban,Y
Male,Yes,2,Graduate,No,5819.000000000001,5000.000000000004,119.99999999999997,360.00000000000006,1.0,Rural,Y
Male,Yes,1,Not Graduate,No,2509.9999999999995,1982.9999999999998,139.99999999999994,180.0,1.0,Urban,N
Male,No,0,Graduate,No,2964.9999999999986,5700.999999999998,155.00000000000003,59.999999999999986,1.0,Urban,Y
Male,Yes,2,Graduate,Yes,6249.999999999999,1300.0,108.00000000000003,360.00000000000006,1.0,Rural,Y
Male,Yes,0,Not Graduate,No,3405.9999999999977,4417.000000000003,122.99999999999994,360.00000000000006,1.0,Semiurban,Y
Male,No,0,Graduate,Yes,6050.000000000004,4332.999999999997,119.99999999999997,180.0,1.0,Urban,N
Male,Yes,2,Graduate,No,9702.999999999998,0.0,111.99999999999996,360.00000000000006,1.0,Urban,Y
Male,Yes,1,Not Graduate,No,6607.999999999999,0.0,137.00000000000003,180.0,1.0,Urban,Y
Male,Yes,1,Graduate,No,2881.9999999999995,1842.9999999999995,122.99999999999994,480.0,1.0,Semiurban,Y
Male,Yes,0,Graduate,No,1808.9999999999995,1868.0000000000007,90.0,360.00000000000006,1.0,Urban,Y
Male,Yes,0,Not Graduate,No,1668.0000000000005,3889.999999999999,201.0,360.00000000000006,0.0,Semiurban,N
Female,No,2,Graduate,No,3426.9999999999973,0.0,138.00000000000006,360.00000000000006,1.0,Urban,N
Male,No,0,Not Graduate,Yes,2583.0,2167.0000000000005,103.99999999999999,360.00000000000006,1.0,Rural,Y
Male,Yes,1,Not Graduate,No,2661.0,7100.999999999995,278.99999999999994,180.0,1.0,Semiurban,Y
Male,No,0,Graduate,Yes,16250.000000000002,0.0,192.0,360.00000000000006,0.0,Urban,N
Female,No,3+,Graduate,No,3083.0000000000005,0.0,254.99999999999991,360.00000000000006,1.0,Rural,Y
Male,No,0,Not Graduate,No,6044.9999999999945,0.0,115.00000000000001,360.00000000000006,0.0,Rural,N
Male,Yes,3+,Graduate,No,5249.999999999995,0.0,94.0,360.00000000000006,1.0,Urban,N
Male,Yes,0,Graduate,No,14683.00000000001,2100.0,304.00000000000006,360.00000000000006,1.0,Rural,N
Male,Yes,3+,Not Graduate,No,4931.000000000002,0.0,127.99999999999997,360.00000000000006,1.0,Semiurban,N
Male,Yes,1,Graduate,No,6082.999999999996,4250.000000000003,329.99999999999994,360.00000000000006,0.0,Urban,Y
Male,No,0,Graduate,No,2060.000000000001,2208.999999999999,133.99999999999997,360.00000000000006,1.0,Semiurban,Y
Female,No,1,Graduate,No,3481.000000000002,0.0,155.00000000000003,36.0,1.0,Semiurban,N
Female,No,0,Graduate,No,7199.999999999996,0.0,119.99999999999997,360.00000000000006,1.0,Rural,Y
Male,No,0,Graduate,Yes,5166.000000000001,0.0,127.99999999999997,360.00000000000006,1.0,Semiurban,Y
Male,No,0,Graduate,No,4094.999999999998,3446.999999999998,151.0,360.00000000000006,1.0,Rural,Y
Male,Yes,2,Graduate,No,4708.000000000004,1386.9999999999995,149.99999999999997,360.00000000000006,1.0,Semiurban,Y
Male,Yes,3+,Graduate,No,4332.999999999997,1810.9999999999995,159.99999999999994,360.00000000000006,0.0,Urban,Y
Female,No,0,Graduate,No,3418.0000000000027,0.0,135.00000000000003,360.00000000000006,1.0,Rural,N
Female,No,1,Graduate,No,2875.9999999999986,1560.0000000000005,90.0,360.00000000000006,1.0,Urban,Y
Female,No,0,Graduate,No,3236.9999999999977,0.0,30.000000000000004,360.00000000000006,1.0,Urban,Y
Male,Yes,0,Graduate,No,11146.000000000007,0.0,136.00000000000006,360.00000000000006,1.0,Urban,Y
Male,No,0,Graduate,No,2833.0000000000005,1857.0000000000007,126.0,360.00000000000006,1.0,Rural,Y
Male,Yes,0,Graduate,No,2620.0,2223.0,149.99999999999997,360.00000000000006,1.0,Semiurban,Y
Male,Yes,2,Graduate,No,3899.9999999999977,0.0,90.0,360.00000000000006,1.0,Semiurban,Y
Male,Yes,1,Graduate,No,2749.999999999999,1842.0000000000002,115.00000000000001,360.00000000000006,1.0,Semiurban,Y
Male,Yes,0,Graduate,No,3992.999999999999,3273.9999999999973,206.99999999999994,360.00000000000006,1.0,Semiurban,Y
Male,Yes,0,Graduate,No,3102.9999999999977,1300.0,79.99999999999997,360.00000000000006,1.0,Urban,Y
Male,Yes,0,Graduate,No,14582.99999999999,0.0,435.99999999999994,360.00000000000006,1.0,Semiurban,Y
Female,Yes,0,Not Graduate,No,4099.999999999999,0.0,124.00000000000003,360.00000000000006,1.0,Rural,Y
Male,No,1,Not Graduate,Yes,4052.9999999999986,2426.0000000000005,158.00000000000003,360.00000000000006,0.0,Urban,N
Male,Yes,0,Graduate,No,3927.0000000000027,799.9999999999999,111.99999999999996,360.00000000000006,1.0,Semiurban,Y
Male,Yes,2,Graduate,No,2301.0000000000005,985.7999878000003,78.0,180.0,1.0,Urban,Y
Female,No,0,Graduate,No,1810.9999999999995,1665.9999999999993,54.00000000000001,360.00000000000006,1.0,Urban,Y
Male,Yes,0,Graduate,No,20667.000000000004,0.0,127.99999999999997,360.00000000000006,1.0,Rural,N
Male,No,0,Graduate,No,3158.0,3053.0000000000014,88.99999999999999,360.00000000000006,1.0,Rural,Y
Female,No,0,Graduate,Yes,2600.0,1717.0000000000005,98.99999999999999,299.99999999999994,1.0,Semiurban,N
Male,Yes,0,Graduate,No,3704.000000000001,1999.9999999999998,119.99999999999997,360.00000000000006,1.0,Rural,Y
Female,No,0,Graduate,No,4123.999999999998,0.0,115.00000000000001,360.00000000000006,1.0,Semiurban,Y
Male,No,0,Graduate,No,9508.000000000004,0.0,187.00000000000003,360.00000000000006,1.0,Rural,Y
Male,Yes,0,Graduate,No,3075.0000000000023,2416.000000000001,138.99999999999997,360.00000000000006,1.0,Rural,Y
Male,Yes,2,Graduate,No,4400.000000000004,0.0,126.99999999999999,360.00000000000006,0.0,Semiurban,N
Male,Yes,2,Graduate,No,3153.000000000002,1560.0000000000005,133.99999999999997,360.00000000000006,1.0,Urban,Y
Female,No,0,Graduate,No,5416.999999999997,0.0,142.99999999999994,480.0,0.0,Urban,N
Male,Yes,0,Graduate,No,2382.999999999999,3333.9999999999977,171.99999999999994,360.00000000000006,1.0,Semiurban,Y
Male,Yes,3+,Graduate,No,4416.0,1249.9999999999995,110.00000000000004,360.00000000000006,1.0,Urban,Y
Male,Yes,1,Graduate,No,6875.000000000005,0.0,199.99999999999991,360.00000000000006,1.0,Semiurban,Y
Female,Yes,1,Graduate,No,4666.000000000001,0.0,135.00000000000003,360.00000000000006,1.0,Urban,Y
Female,No,0,Graduate,No,5000.000000000004,2540.9999999999995,151.0,480.0,1.0,Rural,N
Male,Yes,1,Graduate,No,2013.999999999999,2925.0000000000014,113.00000000000003,360.00000000000006,1.0,Urban,N
Male,Yes,0,Not Graduate,No,1800.0000000000005,2933.9999999999995,93.00000000000003,360.00000000000006,0.0,Urban,N
Male,Yes,0,Not Graduate,No,2875.000000000001,1749.9999999999995,104.99999999999997,360.00000000000006,1.0,Semiurban,Y
Female,No,0,Graduate,No,5000.000000000004,0.0,131.99999999999997,360.00000000000006,1.0,Rural,Y
Male,Yes,1,Graduate,No,1625.0,1803.0000000000005,95.99999999999999,360.00000000000006,1.0,Urban,Y
Male,No,0,Graduate,No,3999.9999999999995,2499.9999999999995,139.99999999999994,360.00000000000006,1.0,Rural,Y
Male,No,0,Not Graduate,No,1999.9999999999998,0.0,127.99999999999997,360.00000000000006,1.0,Urban,N
Female,No,0,Graduate,No,3762.0000000000023,1665.9999999999993,135.00000000000003,360.00000000000006,1.0,Rural,Y
Female,No,0,Graduate,No,2400.0000000000005,1863.0000000000007,103.99999999999999,360.00000000000006,0.0,Urban,N
Male,No,0,Graduate,No,20233.000000000015,0.0,480.0,360.00000000000006,1.0,Rural,N
Male,Yes,2,Not Graduate,No,7667.000000000003,0.0,184.99999999999991,360.00000000000006,1.0,Rural,Y
Female,No,0,Graduate,No,2917.000000000001,0.0,83.99999999999999,360.00000000000006,1.0,Semiurban,Y
Male,No,0,Not Graduate,No,2926.999999999999,2405.0,110.99999999999997,360.00000000000006,1.0,Semiurban,Y
Female,No,0,Graduate,No,2506.9999999999995,0.0,56.00000000000002,360.00000000000006,1.0,Rural,Y
Male,Yes,2,Graduate,Yes,5746.000000000001,0.0,144.0,83.99999999999999,1.0,Rural,Y
Male,Yes,0,Graduate,No,2472.999999999999,1842.9999999999995,159.0,360.00000000000006,1.0,Rural,N
Male,Yes,1,Not Graduate,No,3398.9999999999986,1639.9999999999993,110.99999999999997,180.0,1.0,Urban,Y
Male,Yes,2,Graduate,No,3717.0000000000005,0.0,119.99999999999997,360.00000000000006,1.0,Semiurban,Y
Male,Yes,0,Graduate,No,2058.0,2134.0000000000005,88.00000000000003,360.00000000000006,1.0,Urban,Y
Female,No,1,Graduate,No,3541.0000000000005,0.0,111.99999999999996,360.00000000000006,0.0,Semiurban,Y
Male,Yes,1,Graduate,Yes,10000.00000000001,0.0,155.00000000000003,360.00000000000006,1.0,Rural,N
Male,Yes,0,Graduate,No,2400.0000000000005,2167.0000000000005,115.00000000000001,360.00000000000006,1.0,Semiurban,Y
Male,Yes,3+,Graduate,No,4342.000000000004,189.00000000000003,124.00000000000003,360.00000000000006,1.0,Semiurban,Y
Male,Yes,2,Not Graduate,No,3601.000000000002,1590.0000000000005,127.99999999999997,360.00000000000006,1.0,Rural,Y
Female,No,0,Graduate,No,3166.0000000000005,2985.000000000001,131.99999999999997,360.00000000000006,1.0,Rural,Y
Male,Yes,3+,Graduate,No,15000.000000000004,0.0,299.99999999999994,360.00000000000006,1.0,Rural,Y
Male,Yes,1,Graduate,Yes,8665.999999999995,4983.000000000002,376.00000000000006,360.00000000000006,0.0,Rural,N
Male,No,0,Graduate,No,4917.000000000003,0.0,129.99999999999997,360.00000000000006,0.0,Rural,Y
Male,Yes,0,Graduate,Yes,5818.000000000002,2159.999999999999,184.00000000000006,360.00000000000006,1.0,Semiurban,Y
Female,Yes,0,Graduate,No,4332.999999999997,2450.999999999999,110.00000000000004,360.00000000000006,1.0,Urban,N
Female,No,0,Graduate,No,2499.9999999999995,0.0,66.99999999999997,360.00000000000006,1.0,Urban,Y
Male,No,1,Graduate,No,4383.999999999999,1793.0000000000002,117.00000000000003,360.00000000000006,1.0,Urban,Y
Male,No,0,Graduate,No,2934.9999999999986,0.0,98.00000000000004,360.00000000000006,1.0,Semiurban,Y
Male,No,0,Graduate,No,2833.0000000000005,0.0,71.0,360.00000000000006,1.0,Urban,Y
Male,Yes,0,Graduate,No,63336.99999999996,0.0,489.99999999999983,180.0,1.0,Urban,Y
Male,Yes,1,Graduate,Yes,9833.000000000002,1832.9999999999995,181.99999999999997,180.0,1.0,Urban,Y
Male,Yes,0,Graduate,Yes,5502.999999999998,4490.000000000002,70.00000000000003,360.00000000000006,1.0,Semiurban,Y
Male,Yes,1,Graduate,No,5249.999999999995,687.9999999999999,159.99999999999994,360.00000000000006,1.0,Rural,Y
Male,Yes,2,Graduate,Yes,2499.9999999999995,4600.000000000003,175.99999999999991,360.00000000000006,1.0,Rural,Y
Female,No,3+,Not Graduate,No,1829.9999999999995,0.0,127.99999999999997,360.00000000000006,0.0,Urban,N
Female,No,0,Graduate,No,4159.999999999997,0.0,71.0,360.00000000000006,1.0,Semiurban,Y
Male,Yes,3+,Not Graduate,No,2647.000000000001,1587.0000000000005,173.00000000000006,360.00000000000006,1.0,Rural,N
Female,No,0,Graduate,No,2378.0,0.0,46.0,360.00000000000006,1.0,Rural,N
Male,Yes,1,Not Graduate,No,4554.000000000004,1228.9999999999995,158.00000000000003,360.00000000000006,1.0,Urban,Y
Male,Yes,3+,Not Graduate,No,3172.9999999999977,0.0,74.00000000000003,360.00000000000006,1.0,Semiurban,Y
Male,Yes,2,Graduate,No,2583.0,2329.9999999999995,125.00000000000004,360.00000000000006,1.0,Rural,Y
Male,Yes,0,Graduate,No,2498.9999999999995,2457.999999999999,159.99999999999994,360.00000000000006,1.0,Semiurban,Y
Male,Yes,0,Not Graduate,No,3522.999999999999,3230.0000000000005,152.0,360.00000000000006,0.0,Rural,N
Male,Yes,2,Not Graduate,No,3083.0000000000005,2168.000000000001,126.0,360.00000000000006,1.0,Urban,Y
Male,Yes,0,Graduate,No,6333.000000000005,4583.000000000004,258.9999999999999,360.00000000000006,0.0,Semiurban,Y
Male,Yes,0,Graduate,No,2625.0,6249.999999999999,187.00000000000003,360.00000000000006,1.0,Rural,Y
Male,Yes,0,Graduate,No,9083.000000000004,0.0,228.00000000000006,360.00000000000006,1.0,Semiurban,Y
Male,No,0,Graduate,No,8750.000000000007,4167.000000000003,307.9999999999999,360.00000000000006,1.0,Rural,N
Male,Yes,3+,Graduate,No,2665.999999999999,2082.999999999999,95.0,360.00000000000006,1.0,Rural,Y
Female,Yes,0,Graduate,Yes,5499.999999999999,0.0,104.99999999999997,360.00000000000006,0.0,Rural,N
Female,Yes,0,Graduate,No,2423.000000000001,505.00000000000017,129.99999999999997,360.00000000000006,1.0,Semiurban,Y
Female,No,0,Graduate,No,3812.9999999999986,0.0,115.99999999999999,180.0,1.0,Urban,Y
Male,Yes,2,Graduate,No,8333.000000000002,3166.999999999998,164.99999999999994,360.00000000000006,1.0,Rural,Y
Male,Yes,1,Graduate,No,3875.000000000002,0.0,66.99999999999997,360.00000000000006,1.0,Urban,N
Male,Yes,0,Not Graduate,No,2999.9999999999977,1665.9999999999993,100.00000000000004,480.0,0.0,Urban,N
Male,Yes,3+,Graduate,No,5166.999999999996,3166.999999999998,199.99999999999991,360.00000000000006,1.0,Semiurban,Y
Female,No,1,Graduate,No,4723.000000000004,0.0,81.00000000000003,360.00000000000006,1.0,Semiurban,N
Male,Yes,2,Graduate,No,5000.000000000004,3666.9999999999995,236.0000000000001,360.00000000000006,1.0,Semiurban,Y
Male,Yes,0,Graduate,No,4749.999999999997,2333.0,129.99999999999997,360.00000000000006,1.0,Urban,Y
Male,Yes,0,Graduate,No,3012.9999999999986,3033.0000000000014,95.0,299.99999999999994,1.0,Urban,Y
Male,No,0,Graduate,Yes,6821.999999999998,0.0,141.00000000000003,360.00000000000006,1.0,Rural,Y
Male,No,0,Not Graduate,No,6215.999999999995,0.0,133.0,360.00000000000006,1.0,Rural,N
Male,No,0,Graduate,No,2499.9999999999995,0.0,95.99999999999999,480.0,1.0,Semiurban,N
Male,No,0,Graduate,No,5124.000000000004,0.0,124.00000000000003,360.00000000000006,0.0,Rural,N
Male,Yes,1,Graduate,No,6325.000000000003,0.0,175.00000000000009,360.00000000000006,1.0,Semiurban,Y
Male,Yes,0,Graduate,No,19730.000000000004,5265.999999999998,570.0000000000002,360.00000000000006,1.0,Rural,N
Female,No,0,Graduate,Yes,15758.999999999998,0.0,55.000000000000014,360.00000000000006,1.0,Semiurban,Y
Male,Yes,2,Graduate,No,5184.999999999997,0.0,155.00000000000003,360.00000000000006,1.0,Semiurban,Y
Male,Yes,2,Graduate,Yes,9322.999999999993,7873.000000000001,380.00000000000006,299.99999999999994,1.0,Rural,Y
Male,No,1,Graduate,No,3061.999999999998,1987.0000000000005,110.99999999999997,180.0,0.0,Urban,N
Female,No,0,Graduate,No,2763.999999999999,1458.9999999999993,110.00000000000004,360.00000000000006,1.0,Urban,Y
Male,Yes,0,Graduate,No,4817.000000000003,922.9999999999997,119.99999999999997,180.0,1.0,Urban,Y
Male,Yes,3+,Graduate,No,8750.000000000007,4996.000000000001,129.99999999999997,360.00000000000006,1.0,Rural,Y
Male,Yes,0,Graduate,No,4309.999999999999,0.0,129.99999999999997,360.00000000000006,1.0,Semiurban,Y
Male,No,0,Graduate,No,3068.9999999999995,0.0,71.0,480.0,1.0,Urban,N
Male,Yes,2,Graduate,No,5390.999999999998,0.0,129.99999999999997,360.00000000000006,1.0,Urban,Y
Male,Yes,0,Graduate,No,3333.0000000000023,2499.9999999999995,127.99999999999997,360.00000000000006,1.0,Semiurban,Y
Male,No,0,Graduate,No,5941.0,4232.000000000001,295.99999999999994,360.00000000000006,1.0,Semiurban,Y
Female,No,0,Graduate,No,5999.999999999995,0.0,156.0,360.00000000000006,1.0,Urban,Y
Male,No,0,Graduate,Yes,7166.999999999999,0.0,127.99999999999997,360.00000000000006,1.0,Urban,Y
Male,Yes,2,Graduate,No,4565.999999999999,0.0,100.00000000000004,360.00000000000006,1.0,Urban,N
Male,No,1,Graduate,No,3666.9999999999995,0.0,113.00000000000003,180.0,1.0,Urban,Y
Male,No,0,Not Graduate,No,2345.999999999999,1599.9999999999998,131.99999999999997,360.00000000000006,1.0,Semiurban,Y
Male,Yes,0,Not Graduate,No,3010.0000000000023,3136.0000000000027,127.99999999999997,360.00000000000006,0.0,Urban,N
Male,Yes,0,Graduate,No,2333.0,2417.000000000001,136.00000000000006,360.00000000000006,1.0,Urban,Y
Male,Yes,0,Graduate,No,5488.000000000005,0.0,125.00000000000004,360.00000000000006,1.0,Rural,Y
Male,No,3+,Graduate,No,9166.999999999998,0.0,184.99999999999991,360.00000000000006,1.0,Rural,Y
Male,Yes,3+,Graduate,No,9504.000000000005,0.0,275.0000000000001,360.00000000000006,1.0,Rural,Y
Male,Yes,0,Graduate,No,2583.0,2114.9999999999995,119.99999999999997,360.00000000000006,1.0,Urban,Y
Male,Yes,2,Not Graduate,No,1993.0,1625.0,113.00000000000003,180.0,1.0,Semiurban,Y
Male,Yes,2,Graduate,No,3099.9999999999986,1399.9999999999998,113.00000000000003,360.00000000000006,1.0,Urban,Y
Male,Yes,2,Graduate,No,3276.000000000002,484.0000000000002,135.00000000000003,360.00000000000006,1.0,Semiurban,Y
Female,No,0,Graduate,No,3179.999999999998,0.0,71.0,360.00000000000006,0.0,Urban,N
Male,Yes,0,Graduate,No,3033.0000000000014,1458.9999999999993,95.0,360.00000000000006,1.0,Urban,Y
Male,No,0,Not Graduate,No,3901.999999999999,1665.9999999999993,108.99999999999997,360.00000000000006,1.0,Rural,Y
Female,No,0,Graduate,No,1500.0,1800.0000000000005,103.00000000000001,360.00000000000006,0.0,Semiurban,N
Male,Yes,2,Not Graduate,No,2888.999999999999,0.0,44.99999999999999,180.0,0.0,Urban,N
Male,No,0,Not Graduate,No,2754.999999999999,0.0,64.99999999999999,299.99999999999994,1.0,Rural,N
Male,No,0,Graduate,No,2499.9999999999995,19999.99999999998,103.00000000000001,360.00000000000006,1.0,Semiurban,Y
Female,No,0,Not Graduate,No,1963.000000000001,0.0,53.00000000000001,360.00000000000006,1.0,Semiurban,Y
Female,No,0,Graduate,Yes,7441.0,0.0,194.00000000000003,360.00000000000006,1.0,Rural,N
Female,No,0,Graduate,No,4546.999999999996,0.0,115.00000000000001,360.00000000000006,1.0,Semiurban,Y
Male,Yes,0,Not Graduate,No,2167.0000000000005,2400.0000000000005,115.00000000000001,360.00000000000006,1.0,Urban,Y
Female,No,0,Not Graduate,No,2213.0000000000005,0.0,65.99999999999997,360.00000000000006,1.0,Rural,Y
Male,Yes,1,Graduate,No,8300.000000000007,0.0,152.0,299.99999999999994,0.0,Semiurban,N
Male,Yes,3+,Graduate,No,80999.99999999994,0.0,360.00000000000006,360.00000000000006,0.0,Rural,N
Female,No,1,Not Graduate,Yes,3867.0,0.0,62.00000000000001,360.00000000000006,1.0,Semiurban,N
Male,Yes,0,Graduate,No,6255.999999999997,0.0,159.99999999999994,360.00000000000006,0.0,Urban,Y
Male,Yes,0,Not Graduate,No,6095.999999999998,0.0,217.99999999999997,360.00000000000006,0.0,Rural,N
Male,Yes,0,Not Graduate,No,2253.0,2033.0000000000007,110.00000000000004,360.00000000000006,1.0,Rural,Y
Female,Yes,0,Not Graduate,No,2148.9999999999995,3236.9999999999977,177.99999999999997,360.00000000000006,0.0,Semiurban,N
Female,No,0,Graduate,No,2995.0,0.0,59.999999999999986,360.00000000000006,1.0,Urban,Y
Female,No,1,Graduate,No,2600.0,0.0,159.99999999999994,360.00000000000006,1.0,Urban,N
Male,Yes,2,Graduate,Yes,1599.9999999999998,19999.99999999998,239.00000000000009,360.00000000000006,1.0,Urban,N
Male,Yes,0,Graduate,No,1025.0000000000005,2773.0000000000005,111.99999999999996,360.00000000000006,1.0,Rural,Y
Male,Yes,0,Graduate,No,3246.0,1417.0000000000002,138.00000000000006,360.00000000000006,1.0,Semiurban,Y
Male,Yes,0,Graduate,No,5829.000000000003,0.0,138.00000000000006,360.00000000000006,1.0,Rural,Y
Female,No,0,Not Graduate,No,2719.9999999999995,0.0,79.99999999999997,360.00000000000006,0.0,Urban,N
Male,Yes,0,Graduate,No,1820.0,1718.9999999999995,100.00000000000004,360.00000000000006,1.0,Urban,Y
Male,Yes,1,Graduate,No,7250.000000000001,1667.0000000000002,110.00000000000004,360.00000000000006,0.0,Urban,N
Male,Yes,0,Graduate,No,14880.0,0.0,95.99999999999999,360.00000000000006,1.0,Semiurban,Y
Male,Yes,0,Graduate,No,2665.999999999999,4300.0,121.00000000000003,360.00000000000006,1.0,Rural,Y
Female,No,1,Not Graduate,No,4605.999999999997,0.0,81.00000000000003,360.00000000000006,1.0,Rural,N
Male,Yes,2,Graduate,No,5935.000000000002,0.0,133.0,360.00000000000006,1.0,Semiurban,Y
Male,Yes,0,Graduate,No,2920.0000000000005,16.12000084,87.0,360.00000000000006,1.0,Rural,Y
Male,No,0,Not Graduate,No,2717.000000000001,0.0,59.999999999999986,180.0,1.0,Urban,Y
Female,No,1,Graduate,Yes,8624.000000000007,0.0,149.99999999999997,360.00000000000006,1.0,Semiurban,Y
Male,No,0,Graduate,No,6499.999999999995,0.0,104.99999999999997,360.00000000000006,0.0,Rural,N
Male,No,0,Graduate,No,12875.999999999995,0.0,404.99999999999983,360.00000000000006,1.0,Semiurban,Y
Male,Yes,0,Graduate,No,2425.0000000000005,2339.999999999999,142.99999999999994,360.00000000000006,1.0,Semiurban,Y
Male,No,0,Graduate,No,3750.0,0.0,100.00000000000004,360.00000000000006,1.0,Urban,Y
Female,Yes,0,Graduate,No,10046.999999999995,0.0,127.99999999999997,239.99999999999997,1.0,Semiurban,Y
Male,No,0,Graduate,No,1926.0000000000007,1850.9999999999993,49.99999999999999,360.00000000000006,1.0,Semiurban,Y
Male,Yes,0,Graduate,No,2213.0000000000005,1125.0000000000002,127.99999999999997,360.00000000000006,1.0,Urban,Y
Male,No,0,Graduate,Yes,10416.00000000001,0.0,187.00000000000003,360.00000000000006,0.0,Urban,N
Female,Yes,0,Not Graduate,Yes,7142.000000000006,0.0,138.00000000000006,360.00000000000006,1.0,Rural,Y
Male,No,0,Graduate,No,3659.9999999999995,5064.000000000004,187.00000000000003,360.00000000000006,1.0,Semiurban,Y
Male,Yes,0,Graduate,No,7901.000000000007,1832.9999999999995,180.0,360.00000000000006,1.0,Rural,Y
Male,No,3+,Not Graduate,No,4707.0,1993.0,147.99999999999994,360.00000000000006,1.0,Semiurban,Y
Male,No,1,Graduate,No,37719.00000000001,0.0,152.0,360.00000000000006,1.0,Semiurban,Y
Male,Yes,0,Graduate,No,7333.000000000003,8333.000000000002,175.00000000000009,299.99999999999994,1.0,Rural,Y
Male,Yes,1,Graduate,Yes,3465.9999999999995,1209.9999999999995,129.99999999999997,360.00000000000006,1.0,Rural,Y
Male,Yes,2,Not Graduate,No,4651.999999999997,0.0,110.00000000000004,360.00000000000006,1.0,Rural,Y
Male,Yes,0,Graduate,No,3539.0000000000005,1376.0,55.000000000000014,360.00000000000006,1.0,Rural,N
Male,Yes,2,Graduate,No,3340.0000000000023,1709.9999999999995,149.99999999999997,360.00000000000006,0.0,Rural,N
Male,No,1,Not Graduate,Yes,2768.9999999999995,1541.9999999999998,190.0,360.00000000000006,0.0,Semiurban,N
Male,Yes,2,Not Graduate,No,2309.000000000001,1254.9999999999995,125.00000000000004,360.00000000000006,0.0,Rural,N
Male,Yes,2,Not Graduate,No,1958.0,1456.0,59.999999999999986,299.99999999999994,1.0,Urban,Y
Male,Yes,0,Graduate,No,3948.000000000002,1732.9999999999995,149.0,360.00000000000006,0.0,Rural,N
Male,Yes,0,Graduate,No,2482.999999999999,2466.0,90.0,180.0,0.0,Rural,Y
Male,No,0,Graduate,Yes,7085.000000000003,0.0,83.99999999999999,360.00000000000006,1.0,Semiurban,Y
Male,Yes,2,Graduate,No,3859.0000000000014,0.0,95.99999999999999,360.00000000000006,1.0,Semiurban,Y
Male,Yes,0,Graduate,No,4300.999999999997,0.0,118.00000000000004,360.00000000000006,1.0,Urban,Y
Male,Yes,0,Graduate,No,3707.999999999997,2568.999999999999,173.00000000000006,360.00000000000006,1.0,Urban,N
Male,No,2,Graduate,No,4353.999999999996,0.0,136.00000000000006,360.00000000000006,1.0,Rural,Y
Male,Yes,0,Graduate,No,8334.000000000005,0.0,159.99999999999994,360.00000000000006,1.0,Semiurban,N
Male,Yes,0,Graduate,Yes,2082.999999999999,4083.000000000001,159.99999999999994,360.00000000000006,0.0,Semiurban,Y
Male,Yes,3+,Graduate,No,7739.999999999996,0.0,127.99999999999997,180.0,1.0,Urban,Y
Male,Yes,0,Graduate,No,3015.0000000000014,2188.0000000000005,152.99999999999997,360.00000000000006,1.0,Rural,Y
Female,No,1,Not Graduate,No,5191.000000000003,0.0,131.99999999999997,360.00000000000006,1.0,Semiurban,Y
Male,No,0,Graduate,No,4165.999999999998,0.0,98.00000000000004,360.00000000000006,0.0,Semiurban,N
Male,No,0,Graduate,No,5999.999999999995,0.0,139.99999999999994,360.00000000000006,1.0,Rural,Y
Male,Yes,3+,Not Graduate,No,2946.9999999999995,1664.0000000000002,70.00000000000003,180.0,0.0,Urban,N
Male,Yes,0,Graduate,No,16691.999999999993,0.0,110.00000000000004,360.00000000000006,1.0,Semiurban,Y
Female,Yes,2,Not Graduate,No,209.99999999999994,2917.000000000001,98.00000000000004,360.00000000000006,1.0,Semiurban,Y
Male,Yes,0,Graduate,No,4332.999999999997,2450.999999999999,110.00000000000004,360.00000000000006,1.0,Urban,N
Male,Yes,1,Graduate,Yes,3449.999999999999,2079.0000000000005,161.99999999999994,360.00000000000006,1.0,Semiurban,Y
Male,Yes,1,Not Graduate,No,2653.0000000000005,1500.0,113.00000000000003,180.0,0.0,Rural,N
Male,Yes,3+,Graduate,No,4691.0,0.0,100.00000000000004,360.00000000000006,1.0,Semiurban,Y
Female,No,0,Graduate,Yes,2499.9999999999995,0.0,93.00000000000003,360.00000000000006,1.0,Urban,Y
Male,No,2,Graduate,No,5532.000000000003,4648.000000000004,161.99999999999994,360.00000000000006,1.0,Rural,Y
Male,Yes,2,Graduate,Yes,16525.00000000001,1014.0000000000005,149.99999999999997,360.00000000000006,1.0,Rural,Y
Male,Yes,2,Graduate,No,6699.9999999999945,1749.9999999999995,230.00000000000006,299.99999999999994,1.0,Semiurban,Y
Male,Yes,2,Graduate,No,2873.0000000000005,1871.9999999999993,131.99999999999997,360.00000000000006,0.0,Semiurban,N
Male,Yes,1,Graduate,Yes,16667.000000000015,2250.0000000000005,85.99999999999997,360.00000000000006,1.0,Semiurban,Y
Male,Yes,2,Graduate,No,2946.9999999999995,1602.9999999999993,127.99999999999997,360.00000000000006,1.0,Urban,N
Female,No,0,Not Graduate,No,4350.000000000002,0.0,154.00000000000006,360.00000000000006,1.0,Rural,Y
Male,Yes,3+,Not Graduate,No,3095.000000000001,0.0,113.00000000000003,360.00000000000006,1.0,Rural,Y
Male,Yes,0,Graduate,No,2082.999999999999,3149.9999999999977,127.99999999999997,360.00000000000006,1.0,Semiurban,Y
Male,Yes,0,Graduate,No,10833.00000000001,0.0,234.00000000000006,360.00000000000006,1.0,Semiurban,Y
Male,Yes,2,Graduate,No,8333.000000000002,0.0,245.99999999999991,360.00000000000006,1.0,Semiurban,Y
Male,Yes,1,Not Graduate,No,1958.0,2436.000000000001,130.99999999999994,360.00000000000006,1.0,Rural,Y
Male,No,2,Graduate,No,3546.999999999998,0.0,79.99999999999997,360.00000000000006,0.0,Rural,N
Male,Yes,1,Graduate,No,18333.000000000004,0.0,499.99999999999983,360.00000000000006,1.0,Urban,N
Male,Yes,2,Graduate,Yes,4583.000000000004,2082.999999999999,159.99999999999994,360.00000000000006,1.0,Semiurban,Y
Male,No,0,Graduate,No,2435.0,0.0,74.99999999999997,360.00000000000006,1.0,Urban,N
Male,No,0,Not Graduate,No,2699.0000000000005,2785.000000000001,95.99999999999999,360.00000000000006,1.0,Semiurban,Y
Male,Yes,1,Not Graduate,No,5332.999999999996,1131.0000000000005,186.00000000000009,360.00000000000006,1.0,Urban,Y
Male,No,0,Not Graduate,No,3690.9999999999995,0.0,110.00000000000004,360.00000000000006,1.0,Rural,Y
Female,No,0,Not Graduate,Yes,17262.99999999999,0.0,225.0,360.00000000000006,1.0,Semiurban,Y
Male,Yes,0,Graduate,No,3596.9999999999973,2156.9999999999995,119.00000000000003,360.00000000000006,0.0,Rural,N
Female,Yes,1,Graduate,No,3325.999999999998,912.9999999999997,104.99999999999997,83.99999999999999,1.0,Semiurban,Y
Male,Yes,0,Not Graduate,No,2600.0,1699.9999999999993,106.99999999999996,360.00000000000006,1.0,Rural,Y
Male,Yes,0,Graduate,No,4625.000000000004,2856.9999999999995,110.99999999999997,12.0,0.0,Urban,Y
Male,Yes,1,Graduate,Yes,2894.9999999999986,0.0,95.0,360.00000000000006,1.0,Semiurban,Y
Male,No,0,Graduate,No,6282.999999999995,4416.0,208.99999999999997,360.00000000000006,0.0,Rural,N
Female,No,0,Graduate,No,645.0,3683.000000000002,113.00000000000003,480.0,1.0,Rural,Y
Female,No,0,Graduate,No,3159.000000000001,0.0,100.00000000000004,360.00000000000006,1.0,Semiurban,Y
Male,Yes,2,Graduate,No,4864.999999999995,5623.999999999997,207.99999999999997,360.00000000000006,1.0,Semiurban,Y
Male,Yes,1,Not Graduate,No,4049.999999999999,5302.0,138.00000000000006,360.00000000000006,1.0,Rural,N
Male,Yes,0,Not Graduate,No,3814.0000000000023,1482.9999999999995,124.00000000000003,299.99999999999994,1.0,Semiurban,Y
Male,Yes,2,Graduate,No,3510.0000000000027,4416.0,242.99999999999994,360.00000000000006,1.0,Rural,Y
Male,Yes,0,Graduate,No,20833.0,6666.999999999997,480.0,360.00000000000006,0.0,Urban,Y
Male,No,0,Graduate,No,3583.0000000000014,0.0,95.99999999999999,360.00000000000006,1.0,Urban,N
Male,Yes,0,Graduate,Yes,2479.0,3012.9999999999986,188.0,360.00000000000006,1.0,Urban,Y
Female,No,1,Graduate,No,13261.999999999996,0.0,40.0,360.00000000000006,1.0,Urban,Y
Male,No,0,Not Graduate,No,3597.9999999999986,1287.0000000000005,100.00000000000004,360.00000000000006,1.0,Rural,N
Male,Yes,1,Graduate,No,6065.000000000002,2003.9999999999998,249.9999999999999,360.00000000000006,1.0,Semiurban,Y
Male,Yes,2,Graduate,No,3283.0000000000027,2034.9999999999993,147.99999999999994,360.00000000000006,1.0,Urban,Y
Male,Yes,0,Graduate,No,2129.999999999999,6666.0000000000055,70.00000000000003,180.0,1.0,Semiurban,N
Male,No,0,Graduate,No,5815.000000000001,3665.999999999999,310.99999999999994,360.00000000000006,1.0,Rural,N
Male,Yes,3+,Graduate,No,3465.9999999999995,3427.999999999998,149.99999999999997,360.00000000000006,1.0,Rural,Y
Female,Yes,2,Graduate,No,2031.0000000000007,1632.0,113.00000000000003,480.0,1.0,Semiurban,Y
Male,Yes,0,Not Graduate,No,3073.999999999998,1800.0000000000005,122.99999999999994,360.00000000000006,0.0,Semiurban,N
Male,No,0,Graduate,No,4682.999999999998,1914.9999999999995,184.99999999999991,360.00000000000006,1.0,Semiurban,N
Female,No,0,Not Graduate,No,3399.999999999999,0.0,95.0,360.00000000000006,1.0,Rural,N
Male,Yes,2,Not Graduate,No,2191.999999999999,1742.0000000000005,44.99999999999999,360.00000000000006,1.0,Semiurban,Y
Male,No,0,Graduate,No,2499.9999999999995,0.0,55.000000000000014,360.00000000000006,1.0,Semiurban,Y
Male,Yes,3+,Graduate,Yes,5677.000000000002,1424.0000000000002,100.00000000000004,360.00000000000006,1.0,Rural,Y
Male,Yes,2,Graduate,Yes,7948.000000000004,7166.000000000004,480.0,360.00000000000006,1.0,Rural,Y
Male,No,0,Graduate,No,4679.999999999998,2086.9999999999995,127.99999999999997,360.00000000000006,1.0,Semiurban,N
Male,Yes,2,Graduate,Yes,17500.000000000015,0.0,399.9999999999999,360.00000000000006,1.0,Rural,Y
Male,Yes,0,Graduate,No,3774.9999999999973,0.0,110.00000000000004,360.00000000000006,1.0,Semiurban,Y
Male,Yes,1,Not Graduate,No,5285.000000000001,1429.9999999999998,161.00000000000003,360.00000000000006,0.0,Semiurban,Y
Male,No,1,Not Graduate,No,2679.0,1301.9999999999995,94.0,360.00000000000006,1.0,Semiurban,Y
Male,No,0,Not Graduate,No,6783.000000000003,0.0,129.99999999999997,360.00000000000006,1.0,Semiurban,Y
Male,Yes,0,Graduate,No,1025.0000000000005,5499.999999999999,216.00000000000006,360.00000000000006,1.0,Rural,Y
Male,Yes,3+,Graduate,No,4280.999999999998,0.0,100.00000000000004,360.00000000000006,1.0,Urban,Y
Male,No,2,Graduate,No,3587.999999999997,0.0,110.00000000000004,360.00000000000006,0.0,Rural,N
Male,No,1,Graduate,No,11249.999999999995,0.0,195.99999999999991,360.00000000000006,0.0,Semiurban,N
Female,No,0,Not Graduate,Yes,18165.0,0.0,125.00000000000004,360.00000000000006,1.0,Urban,Y
Male,No,0,Not Graduate,No,2549.9999999999995,2041.9999999999995,126.0,360.00000000000006,1.0,Rural,Y
Male,Yes,0,Graduate,No,6132.999999999997,3906.0,323.9999999999999,360.00000000000006,1.0,Urban,Y
Male,No,2,Graduate,No,3616.999999999997,0.0,106.99999999999996,360.00000000000006,1.0,Semiurban,Y
Male,Yes,0,Not Graduate,No,2917.000000000001,536.0,65.99999999999997,360.00000000000006,1.0,Rural,N
Male,Yes,3+,Graduate,No,6416.999999999998,0.0,156.99999999999994,180.0,1.0,Rural,Y
Female,Yes,1,Graduate,No,4607.999999999998,2845.0,139.99999999999994,180.0,1.0,Semiurban,Y
Female,No,0,Graduate,No,2138.0,0.0,98.99999999999999,360.00000000000006,0.0,Semiurban,N
Female,No,1,Graduate,No,3652.0000000000023,0.0,95.0,360.00000000000006,1.0,Semiurban,Y
Male,Yes,1,Not Graduate,No,2238.9999999999995,2523.9999999999995,127.99999999999997,360.00000000000006,1.0,Urban,Y
Female,Yes,0,Not Graduate,No,3017.000000000002,663.0,101.99999999999996,360.00000000000006,1.0,Semiurban,Y
Male,Yes,0,Graduate,No,2767.9999999999995,1950.0000000000005,155.00000000000003,360.00000000000006,1.0,Rural,Y
Male,No,0,Not Graduate,No,3357.9999999999995,0.0,79.99999999999997,36.0,1.0,Semiurban,N
Male,No,0,Graduate,No,2526.0000000000005,1782.9999999999995,144.99999999999997,360.00000000000006,1.0,Rural,Y
Female,No,0,Graduate,No,5000.000000000004,0.0,103.00000000000001,360.00000000000006,0.0,Semiurban,N
Male,Yes,0,Graduate,No,2785.000000000001,2016.0000000000007,110.00000000000004,360.00000000000006,1.0,Rural,Y
Male,Yes,2,Graduate,Yes,6632.999999999997,0.0,127.99999999999997,360.00000000000006,0.0,Rural,N
Male,Yes,1,Not Graduate,No,2492.0000000000005,2375.0000000000005,127.99999999999997,360.00000000000006,1.0,Rural,Y
Male,Yes,1,Graduate,No,3333.0000000000023,3249.9999999999973,158.00000000000003,360.00000000000006,1.0,Urban,Y
Male,Yes,0,Not Graduate,No,2454.0,2333.0,181.00000000000006,360.00000000000006,0.0,Urban,N
Male,Yes,0,Graduate,No,3592.9999999999977,4265.999999999996,131.99999999999997,180.0,0.0,Rural,N
Male,Yes,1,Graduate,No,5467.999999999999,1032.0,26.000000000000004,360.00000000000006,1.0,Semiurban,Y
Female,No,0,Graduate,No,2667.000000000001,1625.0,83.99999999999999,360.00000000000006,0.0,Urban,Y
Male,Yes,3+,Graduate,Yes,10139.000000000002,0.0,259.99999999999994,360.00000000000006,1.0,Semiurban,Y
Male,Yes,0,Graduate,No,3887.0000000000036,2668.999999999999,161.99999999999994,360.00000000000006,1.0,Semiurban,Y
Female,Yes,0,Graduate,No,4179.999999999997,2306.0,181.99999999999997,360.00000000000006,1.0,Semiurban,Y
Male,Yes,2,Not Graduate,No,3675.0,242.00000000000009,108.00000000000003,360.00000000000006,1.0,Semiurban,Y
Female,Yes,1,Graduate,Yes,19483.999999999993,0.0,600.0,360.00000000000006,1.0,Semiurban,Y
Male,Yes,0,Graduate,No,5923.000000000001,2053.999999999999,211.00000000000003,360.00000000000006,1.0,Rural,Y
Male,No,0,Not Graduate,Yes,5799.999999999996,0.0,131.99999999999997,360.00000000000006,1.0,Semiurban,Y
Male,Yes,2,Graduate,No,8799.000000000002,0.0,258.0,360.00000000000006,0.0,Urban,N
Male,Yes,0,Not Graduate,No,4466.999999999999,0.0,119.99999999999997,360.00000000000006,1.0,Rural,Y
Male,No,0,Graduate,No,3333.0000000000023,0.0,70.00000000000003,360.00000000000006,1.0,Urban,Y
Male,Yes,3+,Graduate,No,3399.999999999999,2499.9999999999995,122.99999999999994,360.00000000000006,0.0,Rural,N
Female,No,0,Graduate,No,2378.0,0.0,9.000000000000002,360.00000000000006,1.0,Urban,N
Male,Yes,0,Graduate,No,3166.0000000000005,2064.0000000000005,103.99999999999999,360.00000000000006,0.0,Urban,N
Male,Yes,1,Graduate,No,3416.9999999999973,1749.9999999999995,186.00000000000009,360.00000000000006,1.0,Urban,Y
Male,Yes,0,Graduate,No,5116.000000000003,1451.0,164.99999999999994,360.00000000000006,0.0,Urban,N
Male,Yes,2,Graduate,No,16666.000000000007,0.0,275.0000000000001,360.00000000000006,1.0,Urban,Y
Male,Yes,2,Not Graduate,No,6124.999999999999,1625.0,187.00000000000003,480.0,1.0,Semiurban,N
Male,Yes,3+,Graduate,No,6406.000000000002,0.0,149.99999999999997,360.00000000000006,1.0,Semiurban,N
Male,Yes,2,Graduate,No,3159.000000000001,461.00000000000006,108.00000000000003,83.99999999999999,1.0,Urban,Y
Male,Yes,0,Graduate,No,3086.9999999999977,2209.9999999999995,136.00000000000006,360.00000000000006,0.0,Semiurban,N
Male,No,0,Graduate,No,3228.999999999998,2738.9999999999995,110.00000000000004,360.00000000000006,1.0,Urban,Y
Male,Yes,1,Graduate,No,1781.9999999999995,2232.0,106.99999999999996,360.00000000000006,1.0,Rural,Y
Male,No,0,Graduate,No,3182.0000000000027,2917.000000000001,161.00000000000003,360.00000000000006,1.0,Urban,Y
Male,Yes,2,Graduate,No,6540.000000000003,0.0,205.00000000000006,360.00000000000006,1.0,Semiurban,Y
Male,No,0,Graduate,No,1836.0000000000007,33837.00000000002,90.0,360.00000000000006,1.0,Urban,N
Female,Yes,0,Graduate,No,3166.0000000000005,0.0,36.0,360.00000000000006,1.0,Semiurban,Y
Male,Yes,1,Graduate,No,1880.0000000000005,0.0,61.00000000000001,360.00000000000006,0.0,Rural,N
Male,Yes,1,Graduate,No,2787.0,1917.0000000000002,146.0,360.00000000000006,0.0,Rural,N
Male,Yes,1,Graduate,No,4282.999999999997,2999.9999999999977,171.99999999999994,83.99999999999999,1.0,Rural,N
Male,Yes,0,Graduate,No,2296.999999999999,1522.0000000000005,103.99999999999999,360.00000000000006,1.0,Urban,Y
Female,No,0,Not Graduate,No,2165.0,0.0,70.00000000000003,360.00000000000006,1.0,Semiurban,Y
Male,No,0,Graduate,No,4749.999999999997,0.0,94.0,360.00000000000006,1.0,Semiurban,Y
Male,Yes,2,Graduate,Yes,2725.999999999999,0.0,105.99999999999997,360.00000000000006,0.0,Semiurban,N
Male,Yes,0,Graduate,No,2999.9999999999977,3415.9999999999986,56.00000000000002,180.0,1.0,Semiurban,Y
Male,Yes,2,Graduate,Yes,5999.999999999995,0.0,205.00000000000006,239.99999999999997,1.0,Semiurban,N
Male,No,3+,Graduate,Yes,9356.999999999995,0.0,292.0,360.00000000000006,1.0,Semiurban,Y
Male,Yes,0,Graduate,No,3859.0000000000014,3300.0,142.00000000000003,180.0,1.0,Rural,Y
Male,Yes,0,Graduate,Yes,16120.0,0.0,259.99999999999994,360.00000000000006,1.0,Urban,Y
Male,No,0,Not Graduate,No,3833.000000000003,0.0,110.00000000000004,360.00000000000006,1.0,Rural,Y
Male,Yes,2,Not Graduate,Yes,6383.000000000002,999.9999999999998,187.00000000000003,360.00000000000006,1.0,Rural,N
Male,No,0,Graduate,No,2987.000000000002,0.0,88.00000000000003,360.00000000000006,0.0,Semiurban,N
Male,Yes,0,Graduate,Yes,9963.0,0.0,180.0,360.00000000000006,1.0,Rural,Y
Male,Yes,2,Graduate,No,5779.999999999997,0.0,192.0,360.00000000000006,1.0,Urban,Y
Female,No,3+,Graduate,No,416.0,41666.999999999985,349.9999999999999,180.0,0.0,Urban,N
Male,Yes,0,Not Graduate,No,2894.0000000000005,2792.0000000000005,155.00000000000003,360.00000000000006,1.0,Rural,Y
Male,Yes,3+,Graduate,No,5703.0,0.0,127.99999999999997,360.00000000000006,1.0,Urban,Y
Male,No,0,Graduate,No,3675.999999999997,4300.999999999997,171.99999999999994,360.00000000000006,1.0,Rural,Y
Female,Yes,1,Graduate,No,11999.999999999993,0.0,496.00000000000017,360.00000000000006,1.0,Semiurban,Y
Male,Yes,0,Not Graduate,No,2400.0000000000005,3800.0000000000014,127.99999999999997,180.0,1.0,Urban,N
Male,Yes,1,Graduate,No,3399.999999999999,2499.9999999999995,173.00000000000006,360.00000000000006,1.0,Semiurban,Y
Male,Yes,2,Not Graduate,No,3987.0000000000027,1411.0000000000007,156.99999999999994,360.00000000000006,1.0,Rural,Y
Male,Yes,0,Graduate,No,3231.999999999999,1950.0000000000005,108.00000000000003,360.00000000000006,1.0,Rural,Y
Female,No,0,Graduate,No,2900.0000000000005,0.0,71.0,360.00000000000006,1.0,Rural,Y
Male,Yes,3+,Graduate,No,4106.000000000001,0.0,40.0,180.0,1.0,Rural,Y
Male,Yes,1,Graduate,No,8071.999999999998,239.99999999999997,253.00000000000003,360.00000000000006,1.0,Urban,Y
Male,Yes,2,Graduate,No,7582.999999999997,0.0,187.00000000000003,360.00000000000006,1.0,Urban,Y
Female,No,0,Graduate,Yes,4583.000000000004,0.0,133.0,360.00000000000006,0.0,Semiurban,N
